code,system
G73..00,readv2
I77,readv2
I73,readv2
I72,readv2
G73yz00,readv2
Gyu7100,readv2
Gyu7400,readv2
Gyu7200,readv2
G73y.00,readv2
R054z00,readv2
2I16.00,readv2
G732100,readv2
G732.00,readv2
R054.00,readv2
G732200,readv2
G731100,readv2
G732000,readv2
C107.12,readv2
G732400,readv2
G732300,readv2
R054000,readv2
G715.00,readv2
G713000,readv2
G716.00,readv2
G711.00,readv2
G73zz00,readv2
G73..11,readv2
G73z.00,readv2
14NB.00,readv2
I74,readv2
G714.00,readv2
G714.11,readv2
G715000,readv2
7A13411,readv2
G714100,readv2
7A11311,readv2
G713.00,readv2
7A11211,readv2
7A14411,readv2
G713.11,readv2
G716000,readv2
G718.00,readv2
G711.11,readv2
G712.00,readv2
R054300,readv2
R054200,readv2
7A13.11,readv2
7A14.11,readv2
G714000,readv2
14AE.00,readv2
G710.00,readv2
G71..00,readv2
G71z.00,readv2
I71,readv2
G73z000,readv2
G73z011,readv2
I70,readv2